telecom_partner,customers,churned,churn_rate,Feature,gender,state,city,age_group,usage_segment
Airtel,507,87,17.16,telecom_partner,,,,,
BSNL,496,99,19.96,telecom_partner,,,,,
Reliance Jio,506,97,19.17,telecom_partner,,,,,
Vodafone,517,110,21.28,telecom_partner,,,,,
,803,163,20.3,gender,F,,,,
,1223,230,18.81,gender,M,,,,
,68,17,25.0,state,,Andhra Pradesh,,,
,77,12,15.58,state,,Arunachal Pradesh,,,
,74,14,18.92,state,,Assam,,,
,88,23,26.14,state,,Bihar,,,
,68,13,19.12,state,,Chhattisgarh,,,
,51,8,15.69,state,,Goa,,,
,79,14,17.72,state,,Gujarat,,,
,84,13,15.48,state,,Haryana,,,
,86,20,23.26,state,,Himachal Pradesh,,,
,87,21,24.14,state,,Jharkhand,,,
,66,9,13.64,state,,Karnataka,,,
,70,12,17.14,state,,Kerala,,,
,67,15,22.39,state,,Madhya Pradesh,,,
,66,15,22.73,state,,Maharashtra,,,
,72,14,19.44,state,,Manipur,,,
,71,8,11.27,state,,Meghalaya,,,
,66,15,22.73,state,,Mizoram,,,
,70,16,22.86,state,,Nagaland,,,
,65,9,13.85,state,,Odisha,,,
,70,18,25.71,state,,Punjab,,,
,62,13,20.97,state,,Rajasthan,,,
,69,16,23.19,state,,Sikkim,,,
,77,15,19.48,state,,Tamil Nadu,,,
,86,12,13.95,state,,Telangana,,,
,76,18,23.68,state,,Tripura,,,
,75,12,16.0,state,,Uttar Pradesh,,,
,69,7,10.14,state,,Uttarakhand,,,
,67,14,20.9,state,,West Bengal,,,
,357,76,21.29,city,,,Bangalore,,
,348,64,18.39,city,,,Chennai,,
,317,49,15.46,city,,,Delhi,,
,331,62,18.73,city,,,Hyderabad,,
,335,75,22.39,city,,,Kolkata,,
,338,67,19.82,city,,,Mumbai,,
,300,61,20.33,age_group,,,,18-25,
,371,63,16.98,age_group,,,,26-35,
,361,78,21.61,age_group,,,,36-45,
,334,62,18.56,age_group,,,,46-55,
,660,129,19.55,age_group,,,,56+,
,675,127,18.81,usage_segment,,,,,High Usage
,675,134,19.85,usage_segment,,,,,Low Usage
,676,132,19.53,usage_segment,,,,,Medium Usage
