Feature,Correlation_with_Churn,Absolute_Correlation
usage_per_age,0.011669515185351859,0.011669515185351859
calls_sms_ratio,0.01133476652009261,0.01133476652009261
salary_per_age,0.005353677159088613,0.005353677159088613
data_per_call,0.002469273471518795,0.002469273471518795
sms_per_call,0.0011039512566082465,0.0011039512566082465
dependents_per_age,-0.007664026228648589,0.007664026228648589
communication_intensity,-0.021657771120599894,0.021657771120599894
calls_per_data,-0.02233391473380605,0.02233391473380605
avg_communication,-0.024477464869283032,0.024477464869283032
