Feature,Importance
numerical__estimated_salary,0.11396379552091634
numerical__data_used,0.09802939838883182
numerical__total_communication,0.08615348467316644
numerical__calls_made,0.07414065809495862
numerical__age,0.07358931314424673
numerical__registration_year,0.0587591355942506
numerical__sms_sent,0.05521263499549246
numerical__registration_month,0.04073762894280573
categorical__city_Delhi,0.029525021937064713
categorical__age_group_26-35,0.02265123341600446
numerical__num_dependents,0.020486702118222934
categorical__state_Uttarakhand,0.018720214005069687
categorical__city_Kolkata,0.01525427870963943
numerical__registration_quarter,0.014808776303205694
categorical__telecom_partner_Vodafone,0.013653015595906962
categorical__state_Andhra Pradesh,0.01364109434056485
categorical__gender_M,0.01212369532392407
categorical__state_Punjab,0.011649244965636973
categorical__telecom_partner_Reliance Jio,0.011390530807033103
categorical__state_Tripura,0.010495321029510896
categorical__city_Chennai,0.010295415852842046
categorical__state_Telangana,0.01005950652502059
categorical__telecom_partner_BSNL,0.008575583733930423
categorical__state_Karnataka,0.0082383198663537
categorical__state_Meghalaya,0.00812860084734414
categorical__telecom_partner_Airtel,0.008118339558717205
categorical__state_Bihar,0.0075599976556088464
categorical__gender_F,0.007538452991604638
categorical__state_West Bengal,0.007323950459316436
categorical__city_Bangalore,0.0072986470496214486
categorical__state_Madhya Pradesh,0.00721292362956234
categorical__age_group_36-45,0.0071556044779726375
categorical__city_Hyderabad,0.00678004086424671
categorical__usage_segment_Low Usage,0.006651208976659809
categorical__state_Uttar Pradesh,0.0061515551927517325
categorical__state_Nagaland,0.0061081930174603834
categorical__state_Mizoram,0.005441509386691505
categorical__age_group_46-55,0.005234202445058192
categorical__state_Arunachal Pradesh,0.005178295416842315
categorical__city_Mumbai,0.00514430294488974
categorical__age_group_18-25,0.005109394915146799
categorical__state_Himachal Pradesh,0.004876365884000383
categorical__state_Assam,0.0048578978341631066
categorical__state_Jharkhand,0.004460455457040118
categorical__usage_segment_Medium Usage,0.004417398452798248
categorical__state_Odisha,0.0044024665690588155
categorical__state_Tamil Nadu,0.00426609468172844
categorical__state_Kerala,0.003619971936580755
categorical__state_Rajasthan,0.0035820494762301394
categorical__state_Gujarat,0.0033830262448858004
categorical__age_group_56+,0.003179109926302636
categorical__state_Haryana,0.0031758655474518065
categorical__state_Maharashtra,0.0031592627408859584
categorical__usage_segment_High Usage,0.0020253237465963562
categorical__state_Chhattisgarh,0.0019540905801511215
categorical__state_Sikkim,0.001811234013708944
categorical__state_Manipur,0.0013398491872468976
categorical__state_Goa,0.001200314007076371
