state,customers,churned,churn_rate
Bihar,88,23,26.136363636363637
Punjab,70,18,25.71428571428571
Andhra Pradesh,68,17,25.0
Jharkhand,87,21,24.137931034482758
Tripura,76,18,23.684210526315788
Himachal Pradesh,86,20,23.25581395348837
Sikkim,69,16,23.18840579710145
Nagaland,70,16,22.857142857142858
Mizoram,66,15,22.727272727272727
Maharashtra,66,15,22.727272727272727
Madhya Pradesh,67,15,22.388059701492537
Rajasthan,62,13,20.967741935483872
West Bengal,67,14,20.8955223880597
Tamil Nadu,77,15,19.480519480519483
Manipur,72,14,19.444444444444446
Chhattisgarh,68,13,19.11764705882353
Assam,74,14,18.91891891891892
Gujarat,79,14,17.72151898734177
Kerala,70,12,17.142857142857142
Uttar Pradesh,75,12,16.0
Goa,51,8,15.686274509803921
Arunachal Pradesh,77,12,15.584415584415584
Haryana,84,13,15.476190476190476
Telangana,86,12,13.953488372093023
Odisha,65,9,13.846153846153847
Karnataka,66,9,13.636363636363635
Meghalaya,71,8,11.267605633802818
Uttarakhand,69,7,10.144927536231885
