Threshold,Accuracy,Precision,Recall,F1 Score
0.1,0.19458128078817735,0.19458128078817735,1.0,0.32577319587628867
0.15,0.19704433497536947,0.19201995012468828,0.9746835443037974,0.32083333333333336
0.2,0.21674876847290642,0.18635170603674542,0.8987341772151899,0.30869565217391304
0.25,0.3054187192118227,0.18769230769230769,0.7721518987341772,0.30198019801980197
0.3,0.3768472906403941,0.16793893129770993,0.5569620253164557,0.25806451612903225
0.35,0.5591133004926109,0.19135802469135801,0.3924050632911392,0.2572614107883817
0.4,0.6822660098522167,0.20238095238095238,0.21518987341772153,0.2085889570552147
0.45,0.7512315270935961,0.19444444444444445,0.08860759493670886,0.12173913043478261
0.5,0.7857142857142857,0.16666666666666666,0.02531645569620253,0.04395604395604396
0.55,0.8004926108374384,0.25,0.012658227848101266,0.024096385542168676
0.6,0.8054187192118226,0.0,0.0,0.0
0.65,0.8054187192118226,0.0,0.0,0.0
0.7,0.8054187192118226,0.0,0.0,0.0
0.75,0.8054187192118226,0.0,0.0,0.0
0.8,0.8054187192118226,0.0,0.0,0.0
0.85,0.8054187192118226,0.0,0.0,0.0
0.9,0.8054187192118226,0.0,0.0,0.0
