Feature,Stayed_Mean,Churned_Mean,Mean_Difference,T_Statistic,P_Value,Cohens_D,Adjusted_P_Value,Significant
age,45.5260257195346,45.32315521628499,-0.20287050324961342,0.21692637227631667,0.8283404962440698,-0.012247850947197693,0.9203783291600776,No
estimated_salary,84966.26393141458,84170.36641221374,-795.8975192008365,0.37012119003794247,0.7114289095072216,-0.021495332718609317,0.9203783291600776,No
calls_made,50.57011635027557,49.17302798982188,-1.3970883604536866,0.8820367972123375,0.3781202868329894,-0.05043277407542927,0.9203783291600776,No
sms_sent,25.369259032455602,24.852417302798983,-0.516841729656619,0.6491190384147061,0.5165138722758992,-0.036721465379162,0.9203783291600776,No
registration_year,2027.2682180036743,2027.41475826972,0.14654026604580395,-1.6482218370870518,0.0998229285007996,0.09085007933229713,0.9203783291600776,No
data_used,5099.317207593386,5061.468193384224,-37.849014209162306,0.23981609006599333,0.81055452711348,-0.013353002598185575,0.9203783291600776,No
registration_month,6.286589099816289,6.142493638676845,-0.14409546113944405,0.7385052851136698,0.46050327761764187,-0.04206891086423827,0.9203783291600776,No
registration_quarter,2.430496019595836,2.3944020356234095,-0.03609398397242636,0.5720152791854909,0.5675304532997245,-0.03250108538106943,0.9203783291600776,No
total_communication,75.93937538273117,74.02544529262086,-1.9139300901103127,1.0910970193480125,0.2756766779929175,-0.0618916676720477,0.9203783291600776,No
num_dependents,1.9638701775872627,1.9669211195928753,0.0030509420056126224,-0.038944270563884886,0.9689476433654652,0.002154831142099778,0.9689476433654652,No
